,avg_tries_by_pos,avg_tries_by_syllables,avg_tries_by_vowels,avg_tries_by_frequency,winrate_by_pos,winrate_by_syllables,winrate_by_vowels,winrate_by_frequency
ADV,4.6,,,,1.0,,,
VERB,4.7272727272727275,,,,0.7272727272727273,,,
NOUN,5.148148148148148,,,,0.8148148148148148,,,
ADJ,5.2,,,,0.7,,,
3,,4.888888888888889,5.214285714285714,5.5,,1.0,0.9285714285714286,0.75
1,,4.928571428571429,4.25,4.931034482758621,,0.6428571428571429,1.0,0.7931034482758621
2,,5.1,5.0285714285714285,5.285714285714286,,0.8,0.7142857142857143,0.5714285714285714
11,,,,3.0,,,,1.0
4,,,,4.333333333333333,,,,1.0
5,,,,5.0,,,,1.0
35,,,,5.0,,,,1.0
7,,,,5.5,,,,1.0
10,,,,6.0,,,,0.0
16,,,,6.0,,,,1.0
